<?xml version="1.0" encoding="utf-8"?>
<odoo>
    <data>
        <record id="paperformat_reporte_fincarril" model="report.paperformat">
            <field name="name">Reporte Fin Carril A4</field>
            <field name="default" eval="True"/>
            <field name="format">custom</field>
            <field name="page_height">340</field>
            <field name="page_width">220</field>
            <field name="orientation">Portrait</field>
            <field name="margin_top">18</field>
            <field name="margin_bottom">13</field>
            <field name="margin_left">3</field>
            <field name="margin_right">3</field>
            <field name="header_line" eval="True"/>
            <field name="header_spacing">20</field>
            <field name="dpi">90</field>
        </record>
    </data>
</odoo>