<?xml version="1.0" encoding="utf-8"?>
<odoo>
    <data noupdate="1">
        <!-- After closing the PoS, open the dashboard menu -->
        <record id="action_client_pos_menu" model="ir.actions.client">
            <field name="name">Open POS Menu</field>
            <field name="tag">reload</field>
            <field name="params" eval="{'menu_id': ref('menu_point_root')}"/>
        </record>

        <function model="stock.warehouse" name="_create_missing_pos_picking_types"/>

        <record id="product_category_pos" model="product.category">
            <field name="parent_id" ref="product.product_category_1"/>
            <field name="name">PoS</field>
        </record>

        <record id="product_product_tip" model="product.product">
            <field name="name">Tips</field>
            <field name="categ_id" ref="point_of_sale.product_category_pos"/>
            <field name="default_code">TIPS</field>
            <field name="weight">0.01</field>
            <field name="available_in_pos" eval="True"/>
            <field name="taxes_id" eval="[(5,)]"/>
        </record>

        <record model="pos.config" id="pos_config_main">
            <field name="name">Shop</field>
            <field name="barcode_nomenclature_id" ref="barcodes.default_barcode_nomenclature"/>
        </record>

        <record id="product_product_consumable" model="product.product">
            <field name="name">Discount</field>
            <field name="available_in_pos">True</field>
            <field name="standard_price">0.00</field>
            <field name="list_price">0.00</field>
            <field name="weight">0.00</field>
            <field name="type">consu</field>
            <field name="categ_id" ref="point_of_sale.product_category_pos"/>
            <field name="uom_id" ref="uom.product_uom_unit"/>
            <field name="uom_po_id" ref="uom.product_uom_unit"/>
            <field name="default_code">DISC</field>
            <field name="purchase_ok">False</field>
        </record>

        <record id="uom.product_uom_categ_unit" model="uom.category">
            <field name="is_pos_groupable">True</field>
        </record>
        <function model="pos.config" name="post_install_pos_localisation" />
    </data>
</odoo>
